survey_id,category,loi,payout_publisher_usd,quality_score,conversion_rate,click_to_okay_rate,type,href_new,href
60729393,Automotive,5,0.44,17,46.00,0.94,need_qualification,https://offers.cpx-research.com/index.php?app_id=10754&ext_user_id=TEST_CSV&survey_id=60729393,https://click.cpx-research.com/?k=MWdKMVNaRjVoSXBzbnJRUTQxZDdhVFV5ZGcwNkVlQ2VCUWhRV3BXb2tidVZFMUw3RS9zSXhMN0hBZ0pmQ2o4RjJiSUJCd1ZocWV0RytsZ3dmcExqLzVFNExGc2tXZDAzNFl0NGprcGpZUWp2dTkyL05hODVYVlBhWldscEpZMWo=&api=true&time_stamp=1770356747&subid_1=&subid_2=
60877544,Other,20,0.06,13,54.84,2.14,need_qualification,https://offers.cpx-research.com/index.php?app_id=10754&ext_user_id=TEST_CSV&survey_id=60877544,https://click.cpx-research.com/?k=MWdKMVNaRjVoSXBzbnJRUTQxZDdhVFV5ZGcwNkVlQ2VCUWhRV3BXb2tidVZFMUw3RS9zSXhMN0hBZ0pmQ2o4RjJiSUJCd1ZocWV0RytsZ3dmcExqLzhnVzFCZlpMK0VTTEZwanJnY3NJeStFT0UxRjRHQ0dneGFRM2UvQytGMFc=&api=true&time_stamp=1770356747&subid_1=&subid_2=
60860578,Travel,8,0.11,12,27.00,2.44,need_qualification,https://offers.cpx-research.com/index.php?app_id=10754&ext_user_id=TEST_CSV&survey_id=60860578,https://click.cpx-research.com/?k=MWdKMVNaRjVoSXBzbnJRUTQxZDdhVFV5ZGcwNkVlQ2VCUWhRV3BXb2tidVZFMUw3RS9zSXhMN0hBZ0pmQ2o4RjJiSUJCd1ZocWV0RytsZ3dmcExqLzdQRDNCU2tZTVd6NWJnZjBTR20rbUhHVmNzS1A2TGhVVzQ5V29TSFNhdE4=&api=true&time_stamp=1770356747&subid_1=&subid_2=
60430947,Entertainment,26,2.1,11,24.00,0.61,need_qualification,https://offers.cpx-research.com/index.php?app_id=10754&ext_user_id=TEST_CSV&survey_id=60430947,https://click.cpx-research.com/?k=MWdKMVNaRjVoSXBzbnJRUTQxZDdhVFV5ZGcwNkVlQ2VCUWhRV3BXb2tidVZFMUw3RS9zSXhMN0hBZ0pmQ2o4RjJiSUJCd1ZocWV0RytsZ3dmcExqLzduUXhQNVRaYVB5cEczWU9QT3V3aUluMXA3UVEzUzlMV041c3d6YWZkcVo=&api=true&time_stamp=1770356747&subid_1=&subid_2=
60823108,Fashion,34,2.1,11,4.00,26.08,need_qualification,https://offers.cpx-research.com/index.php?app_id=10754&ext_user_id=TEST_CSV&survey_id=60823108,https://click.cpx-research.com/?k=MWdKMVNaRjVoSXBzbnJRUTQxZDdhVFV5ZGcwNkVlQ2VCUWhRV3BXb2tidVZFMUw3RS9zSXhMN0hBZ0pmQ2o4RjJiSUJCd1ZocWV0RytsZ3dmcExqL3drLzZJeGlmalA4Q2dPZlA5UVZHdWIyNTlDOUpzUXFiNzhFUmRZRWQ0UlA=&api=true&time_stamp=1770356747&subid_1=&subid_2=
59654767,Finance,21,0.38,10,30.00,0.66,need_qualification,https://offers.cpx-research.com/index.php?app_id=10754&ext_user_id=TEST_CSV&survey_id=59654767,https://click.cpx-research.com/?k=MWdKMVNaRjVoSXBzbnJRUTQxZDdhVFV5ZGcwNkVlQ2VCUWhRV3BXb2tidVZFMUw3RS9zSXhMN0hBZ0pmQ2o4RjJiSUJCd1ZocWV0RytsZ3dmcExqLzBFUkJxYkdORS81WDZxMWdDZTZZZ1k4YkZRWnFDZkxWaXNrdjVTenZYUkM=&api=true&time_stamp=1770356747&subid_1=&subid_2=
59937461,Other,22,0.98,10,15.00,0.19,need_qualification,https://offers.cpx-research.com/index.php?app_id=10754&ext_user_id=TEST_CSV&survey_id=59937461,https://click.cpx-research.com/?k=MWdKMVNaRjVoSXBzbnJRUTQxZDdhVFV5ZGcwNkVlQ2VCUWhRV3BXb2tidVZFMUw3RS9zSXhMN0hBZ0pmQ2o4RjJiSUJCd1ZocWV0RytsZ3dmcExqLzMyRVlnMkNOam9qRmxjSlArbC9rRlhPNC82OGhIV0xUUUpINEZFNWxzcUc=&api=true&time_stamp=1770356747&subid_1=&subid_2=
60822916,Tech,15,0.62,9,4.00,15.22,need_qualification,https://offers.cpx-research.com/index.php?app_id=10754&ext_user_id=TEST_CSV&survey_id=60822916,https://click.cpx-research.com/?k=MWdKMVNaRjVoSXBzbnJRUTQxZDdhVFV5ZGcwNkVlQ2VCUWhRV3BXb2tidVZFMUw3RS9zSXhMN0hBZ0pmQ2o4RjJiSUJCd1ZocWV0RytsZ3dmcExqLzhrRnZrUWZ5bkdpMCsxNzIyaG1vcW5wajMyTUt4Tk9QLzJ0L0NKajB4c08=&api=true&time_stamp=1770356747&subid_1=&subid_2=
60879877,,10,0.26,9,20.00,0.10,need_qualification,https://offers.cpx-research.com/index.php?app_id=10754&ext_user_id=TEST_CSV&survey_id=60879877,https://click.cpx-research.com/?k=MWdKMVNaRjVoSXBzbnJRUTQxZDdhVFV5ZGcwNkVlQ2VCUWhRV3BXb2tidVZFMUw3RS9zSXhMN0hBZ0pmQ2o4RjJiSUJCd1ZocWV0RytsZ3dmcExqLzd3Q0JHdEF6T01ZZGNURkE1SEdJVjFoMERrRENJZXgwVGpqNWJBajc4dm4=&api=true&time_stamp=1770356747&subid_1=&subid_2=
60884384,,15,0.6,9,10.00,1.00,need_qualification,https://offers.cpx-research.com/index.php?app_id=10754&ext_user_id=TEST_CSV&survey_id=60884384,https://click.cpx-research.com/?k=MWdKMVNaRjVoSXBzbnJRUTQxZDdhVFV5ZGcwNkVlQ2VCUWhRV3BXb2tidVZFMUw3RS9zSXhMN0hBZ0pmQ2o4RjJiSUJCd1ZocWV0RytsZ3dmcExqL3hzODVxRmszNkpiS1doMXFkK05NQjBtOVllMnZZaGxOL2JNS045TEF1WUQ=&api=true&time_stamp=1770356747&subid_1=&subid_2=
60884642,Food,25,0.19,9,4.00,48.60,need_qualification,https://offers.cpx-research.com/index.php?app_id=10754&ext_user_id=TEST_CSV&survey_id=60884642,https://click.cpx-research.com/?k=MWdKMVNaRjVoSXBzbnJRUTQxZDdhVFV5ZGcwNkVlQ2VCUWhRV3BXb2tidVZFMUw3RS9zSXhMN0hBZ0pmQ2o4RjJiSUJCd1ZocWV0RytsZ3dmcExqL3plS0xKQ1Y1WEtNV2NaMUIxT0NTUHZ2MmN2dWdBZHc3TjFPNWxheEZVY2k=&api=true&time_stamp=1770356747&subid_1=&subid_2=
58766981,Entertainment,18,0.1,8,18.00,0.10,need_qualification,https://offers.cpx-research.com/index.php?app_id=10754&ext_user_id=TEST_CSV&survey_id=58766981,https://click.cpx-research.com/?k=MWdKMVNaRjVoSXBzbnJRUTQxZDdhVFV5ZGcwNkVlQ2VCUWhRV3BXb2tidVZFMUw3RS9zSXhMN0hBZ0pmQ2o4RjJiSUJCd1ZocWV0RytsZ3dmcExqLzdpOEFaV0YxbjBFZ0RROEFGNFJmRmE3bWs2QzJsTFl1aUR2SU4zOVFERWc=&api=true&time_stamp=1770356747&subid_1=&subid_2=
59543903,Entertainment,10,0.38,8,4.00,0.80,need_qualification,https://offers.cpx-research.com/index.php?app_id=10754&ext_user_id=TEST_CSV&survey_id=59543903,https://click.cpx-research.com/?k=MWdKMVNaRjVoSXBzbnJRUTQxZDdhVFV5ZGcwNkVlQ2VCUWhRV3BXb2tidVZFMUw3RS9zSXhMN0hBZ0pmQ2o4RjJiSUJCd1ZocWV0RytsZ3dmcExqL3llNFRmN1gxMXRyOW1aUWFSTmhqNUFGV2xYUnBjdms4MW5aMzBWdlgxZ2I=&api=true&time_stamp=1770356747&subid_1=&subid_2=
60790839,,7,0.04,8,8.00,2.71,need_qualification,https://offers.cpx-research.com/index.php?app_id=10754&ext_user_id=TEST_CSV&survey_id=60790839,https://click.cpx-research.com/?k=MWdKMVNaRjVoSXBzbnJRUTQxZDdhVFV5ZGcwNkVlQ2VCUWhRV3BXb2tidVZFMUw3RS9zSXhMN0hBZ0pmQ2o4RjJiSUJCd1ZocWV0RytsZ3dmcExqL3phMDlsNjQ3RWNHOGNoeFZxUW1iVCthdlZCK3A5Sjc0ZFNMYzdnRUkxVUM=&api=true&time_stamp=1770356747&subid_1=&subid_2=
60833929,,20,0.22,8,20.00,20.00,need_qualification,https://offers.cpx-research.com/index.php?app_id=10754&ext_user_id=TEST_CSV&survey_id=60833929,https://click.cpx-research.com/?k=MWdKMVNaRjVoSXBzbnJRUTQxZDdhVFV5ZGcwNkVlQ2VCUWhRV3BXb2tidVZFMUw3RS9zSXhMN0hBZ0pmQ2o4RjJiSUJCd1ZocWV0RytsZ3dmcExqL3pIZUJlbXM3THRRNnIwajZRaXg1aDRCZEs0Ulc5VERZcnBBZzVwcy9RV3c=&api=true&time_stamp=1770356747&subid_1=&subid_2=
60834533,,18,0.23,8,20.00,3.59,need_qualification,https://offers.cpx-research.com/index.php?app_id=10754&ext_user_id=TEST_CSV&survey_id=60834533,https://click.cpx-research.com/?k=MWdKMVNaRjVoSXBzbnJRUTQxZDdhVFV5ZGcwNkVlQ2VCUWhRV3BXb2tidVZFMUw3RS9zSXhMN0hBZ0pmQ2o4RjJiSUJCd1ZocWV0RytsZ3dmcExqLzBFM0hlcmxoaFF2ZERMaHo1QkhlcDdLMWVBRVpoRjZDbGRpU29iMDlBWEk=&api=true&time_stamp=1770356747&subid_1=&subid_2=
60840179,Tech,21,0.44,8,8.00,18.24,need_qualification,https://offers.cpx-research.com/index.php?app_id=10754&ext_user_id=TEST_CSV&survey_id=60840179,https://click.cpx-research.com/?k=MWdKMVNaRjVoSXBzbnJRUTQxZDdhVFV5ZGcwNkVlQ2VCUWhRV3BXb2tidVZFMUw3RS9zSXhMN0hBZ0pmQ2o4RjJiSUJCd1ZocWV0RytsZ3dmcExqLzVoMzNkVmxDRS9wd2VTSS94Nk5WTVJYL3FpbFJMd1kzUllkSzVYTG9IR0w=&api=true&time_stamp=1770356747&subid_1=&subid_2=
60844982,,25,0.64,8,6.00,17.45,need_qualification,https://offers.cpx-research.com/index.php?app_id=10754&ext_user_id=TEST_CSV&survey_id=60844982,https://click.cpx-research.com/?k=MWdKMVNaRjVoSXBzbnJRUTQxZDdhVFV5ZGcwNkVlQ2VCUWhRV3BXb2tidVZFMUw3RS9zSXhMN0hBZ0pmQ2o4RjJiSUJCd1ZocWV0RytsZ3dmcExqLzNYNXhkbS9ya0l2bTdhQTVPekF5Zm5GZnh3NmVNTUoxRS9lQ3BnN3ZoTXU=&api=true&time_stamp=1770356747&subid_1=&subid_2=
60851862,Automotive,7,0.19,8,4.00,15.32,need_qualification,https://offers.cpx-research.com/index.php?app_id=10754&ext_user_id=TEST_CSV&survey_id=60851862,https://click.cpx-research.com/?k=MWdKMVNaRjVoSXBzbnJRUTQxZDdhVFV5ZGcwNkVlQ2VCUWhRV3BXb2tidVZFMUw3RS9zSXhMN0hBZ0pmQ2o4RjJiSUJCd1ZocWV0RytsZ3dmcExqLzRESkE4R1FuakJGMkUzZ2xwVGFZNDdaQXRNd3ViQzNIKzM1RnZEOXhDMmU=&api=true&time_stamp=1770356747&subid_1=&subid_2=
59487582,Healthcare,21,0.44,7,4.00,10.80,need_qualification,https://offers.cpx-research.com/index.php?app_id=10754&ext_user_id=TEST_CSV&survey_id=59487582,https://click.cpx-research.com/?k=MWdKMVNaRjVoSXBzbnJRUTQxZDdhVFV5ZGcwNkVlQ2VCUWhRV3BXb2tidVZFMUw3RS9zSXhMN0hBZ0pmQ2o4RjJiSUJCd1ZocWV0RytsZ3dmcExqL3gvdFg2bkJNNHF5VEtwMTN5c053d2pTYVhjTEk3WEUybmxMSDFyUDZYb0E=&api=true&time_stamp=1770356747&subid_1=&subid_2=
60834528,,17,0.35,7,3.85,8.37,need_qualification,https://offers.cpx-research.com/index.php?app_id=10754&ext_user_id=TEST_CSV&survey_id=60834528,https://click.cpx-research.com/?k=MWdKMVNaRjVoSXBzbnJRUTQxZDdhVFV5ZGcwNkVlQ2VCUWhRV3BXb2tidVZFMUw3RS9zSXhMN0hBZ0pmQ2o4RjJiSUJCd1ZocWV0RytsZ3dmcExqLzcraFV5QmZzd2pDb0Y5VkpOdXlGemN3NzMvRDF2UDVSQnFtNFh1UytaRXE=&api=true&time_stamp=1770356747&subid_1=&subid_2=
60834529,,18,0.35,7,8.60,6.61,need_qualification,https://offers.cpx-research.com/index.php?app_id=10754&ext_user_id=TEST_CSV&survey_id=60834529,https://click.cpx-research.com/?k=MWdKMVNaRjVoSXBzbnJRUTQxZDdhVFV5ZGcwNkVlQ2VCUWhRV3BXb2tidVZFMUw3RS9zSXhMN0hBZ0pmQ2o4RjJiSUJCd1ZocWV0RytsZ3dmcExqLzVvazJ6MnBjR01Nak1ZZWlvQ2FMb0l2Y1BvNDFRdnJ0eUZFc09PSlU4aSs=&api=true&time_stamp=1770356747&subid_1=&subid_2=
60840155,,26,0.38,6,6.00,8.41,need_qualification,https://offers.cpx-research.com/index.php?app_id=10754&ext_user_id=TEST_CSV&survey_id=60840155,https://click.cpx-research.com/?k=MWdKMVNaRjVoSXBzbnJRUTQxZDdhVFV5ZGcwNkVlQ2VCUWhRV3BXb2tidVZFMUw3RS9zSXhMN0hBZ0pmQ2o4RjJiSUJCd1ZocWV0RytsZ3dmcExqL3dQd2ZqZy8vV0crRkh3OFdsMzBvUGNOb2loTHkvR2FYcUJYY1BXeTdNNE4=&api=true&time_stamp=1770356747&subid_1=&subid_2=
60830694,,20,0.21,5,13.67,0.00,need_qualification,https://offers.cpx-research.com/index.php?app_id=10754&ext_user_id=TEST_CSV&survey_id=60830694,https://click.cpx-research.com/?k=MWdKMVNaRjVoSXBzbnJRUTQxZDdhVFV5ZGcwNkVlQ2VCUWhRV3BXb2tidVZFMUw3RS9zSXhMN0hBZ0pmQ2o4RjJiSUJCd1ZocWV0RytsZ3dmcExqLzVrQlFETThML3I1SVpBRnF5ZVRmZGlWdFllbjdXYVFoRGVzK3hHY2VmQ2U=&api=true&time_stamp=1770356747&subid_1=&subid_2=
